,precision,recall,f1-score,support
Success,0.9509536784741145,0.9868049010367578,0.9685476410730806,1061
Failure,0.8970588235294118,0.6931818181818182,0.7820512820512822,176
Accuracy,,,0.9450282942603072,1237
Macro Avg,0.9240062510017631,0.839993359609288,0.8752994615621814,1237
Weighted Avg,0.9432855341974228,0.9450282942603072,0.9420129933868748,1237
