,precision,recall,f1-score,support
Success,0.9524245196706312,0.9811498586239397,0.9665738161559888,1061
Failure,0.8611111111111112,0.7045454545454546,0.775,176
Accuracy,,,0.9417946645109135,1237
Macro Avg,0.9067678153908711,0.8428476565846972,0.8707869080779944,1237
Weighted Avg,0.9394324744754207,0.9417946645109135,0.9393167493464061,1237
