,precision,recall,f1-score,support
Success,0.884417808219178,0.9736098020735156,0.9268730372364289,1061
Failure,0.5970149253731343,0.22727272727272727,0.3292181069958848,176
Accuracy,,,0.8674211802748585,1237
Macro Avg,0.7407163667961562,0.6004412646731214,0.6280455721161569,1237
Weighted Avg,0.843526209689749,0.8674211802748585,0.8418388676953329,1237
