,precision,recall,f1-score,support
Success,0.8920552677029361,0.9736098020735156,0.9310500225326724,1061
Failure,0.6455696202531646,0.2897727272727273,0.4,176
Accuracy,,,0.8763136620856912,1237
Macro Avg,0.7688124439780504,0.6316912646731214,0.6655250112663362,1237
Weighted Avg,0.8569853615176816,0.8763136620856912,0.8554923798764476,1237
