,precision,recall,f1-score,support
Success,0.8817651956702748,0.998114985862394,0.9363395225464191,1061
Failure,0.9444444444444444,0.19318181818181818,0.3207547169811321,176
Accuracy,,,0.883589329021827,1237
Macro Avg,0.9131048200573596,0.5956484020221061,0.6285471197637755,1237
Weighted Avg,0.8906831809445301,0.883589329021827,0.8487542955621907,1237
