,precision,recall,f1-score,support
Success,0.9043715846994536,0.9359095193213949,0.9198703103288559,1061
Failure,0.5107913669064749,0.4034090909090909,0.45079365079365075,176
Accuracy,,,0.8601455133387227,1237
Macro Avg,0.7075814758029642,0.6696593051152429,0.6853319805612533,1237
Weighted Avg,0.8483731058542116,0.8601455133387227,0.8531302197240086,1237
