,precision,recall,f1-score,support
Success,0.900749063670412,0.9066918001885014,0.9037106622827618,1061
Failure,0.41420118343195267,0.3977272727272727,0.40579710144927533,176
Accuracy,,,0.8342764753435732,1237
Macro Avg,0.6574751235511823,0.652209536457887,0.6547538818660186,1237
Weighted Avg,0.831523172868497,0.8342764753435732,0.8328676657535026,1237
