,precision,recall,f1-score,support
Success,0.8577202910266775,1.0,0.9234116623150566,1061
Failure,0,0.0,0.0,176
Accuracy,,,0.8577202910266775,1237
Macro Avg,0.42886014551333873,0.5,0.4617058311575283,1237
Weighted Avg,0.7356840976388883,0.8577202910266775,0.7920289197382983,1237
